DROP DATABASE IF EXISTS Fertilizer_Management;
CREATE DATABASE Fertilizer_Management;
USE Fertilizer_Management;

CREATE TABLE FARMER(
	FarmerID CHAR(4) NOT NULL,
	FName VARCHAR(20) NOT NULL,
	LName VARCHAR(20) NOT NULL,
	Address VARCHAR(200) NOT NULL,
	TelNo CHAR(10) NOT NULL,
	PRIMARY KEY(FarmerID)
);

CREATE TABLE SUPPLY_CENTER(
	CenterID CHAR(4) NOT NULL,
	Division VARCHAR(30) NOT NULL,
	PRIMARY KEY(CenterID)
);

CREATE TABLE AGRICULTURAL_OFFICER(
	OfficerID CHAR(4) NOT NULL,
	CenterID CHAR(4) NOT NULL,
	FName VARCHAR(20) NOT NULL,
	LName VARCHAR(20) NOT NULL,
	TelNo CHAR(10) NOT NULL,
	Password VARCHAR(40) NOT NULL,
	PRIMARY KEY(OfficerID),
	FOREIGN KEY (CenterID) REFERENCES SUPPLY_CENTER(CenterID)
	ON DELETE CASCADE ON UPDATE CASCADE	
);

CREATE TABLE CULTIVATION(
	LandID CHAR(4) NOT NULL,
	FarmerID CHAR(4) NOT NULL,
	OfficerID CHAR(4) NOT NULL,
	CropName VARCHAR(30) NOT NULL,
	LandArea DECIMAL(8,3) NOT NULL,
	Month VARCHAR(20) NOT NULL,
	PRIMARY KEY(LandID),
	FOREIGN KEY (FarmerID) REFERENCES FARMER(FarmerID)
	ON DELETE CASCADE ON UPDATE CASCADE,
	FOREIGN KEY (OfficerID) REFERENCES AGRICULTURAL_OFFICER(OfficerID)
	ON DELETE CASCADE ON UPDATE CASCADE
);

CREATE TABLE FERTILIZER(
	FertilizerID CHAR(4) NOT NULL,
	Description VARCHAR(30) NOT NULL,
	PRIMARY KEY(FertilizerID)
);

CREATE TABLE RECEIVES(
	LandID CHAR(4) NOT NULL,
	FertilizerID CHAR(4) NOT NULL,
	IssueDate DATE,
	Amount DECIMAL(8,3) NOT NULL,
	FOREIGN KEY (LandID) REFERENCES CULTIVATION(LandID)
	ON DELETE CASCADE ON UPDATE CASCADE,
	FOREIGN KEY (FertilizerID) REFERENCES FERTILIZER(FertilizerID)
	ON DELETE CASCADE ON UPDATE CASCADE
);

CREATE TABLE STORES(
	FertilizerID CHAR(4) NOT NULL,
	CenterID CHAR(4) NOT NULL,
	QtyOnHand DECIMAL(8,3) NOT NULL,
	StoredDate DATE,	
	ExpireDate DATE,
	FOREIGN KEY (FertilizerID) REFERENCES FERTILIZER(FertilizerID)
	ON DELETE CASCADE ON UPDATE CASCADE,
	FOREIGN KEY (CenterID) REFERENCES SUPPLY_CENTER(CenterID)
	ON DELETE CASCADE ON UPDATE CASCADE
);



INSERT INTO FARMER VALUES
('F001','Saman','Danapala','No.20, Walana, Panadura', '0912245896'),
('F002','Nimal','Gunapala','No. 200, Thalpitiya, Wadduwa','0712512500'),
('F003','Piyal','Amarapala','No. 100, Horawala, Matugama','0777458963'),
('F004','Prasanna','Somapala','No. 10, Ginigama, Galle','0762211456'),
('F005','Sanjeewa','Jinapala','N0. 34, Ginthota, Aluthgama','0701234568'),
('F006','Siril','Gunasekara','No. 230, Galle Road, Panadura','0718112545');


INSERT INTO SUPPLY_CENTER VALUES
('SC01','Aluthgama South'),
('SC02','Panadura'),
('SC03','Wadduwa North'),
('SC04','Galle Baddegama'),
('SC05','Galle Neluwa');


INSERT INTO AGRICULTURAL_OFFICER VALUES
('A001','SC01','Sarath','Amarasiri','0912258478', 'abcd1234'),
('A002','SC02','Kumara','Somawathee','0704455698','123xyz'),
('A003','SC04','Ramani','Karunarathne','0777586145', '#170#'),
('A004','SC03','Ajith','Jinasena','0765845785', '98765');


INSERT INTO CULTIVATION VALUES
('L001','F001','A002','Green Chilli',2.56,'January'),
('L002','F002','A003','Paddy',4.25,'March'),
('L003','F002','A003','Maize',5.50,'February'),
('L004','F003','A002','Paddy',1.85,'March'),
('L005','F005','A001','Brinjal',4.80,'January'),
('L006','F005','A001','Tomato',3.25,'January'),
('L007','F005','A001','Green Chilli',0.95,'January');


INSERT INTO FERTILIZER VALUES
('M001','Urea'),
('M002','Sulphate of Ammonia'),
('M003','Sodium Nitrate'),
('M004','Triple Superphosphate'),
('M005','Ammonium Phosphate'),
('M006','Eppawala Rock Phosphate'),
('M007','Muriate of Potash'),
('M008','Dolamite');


INSERT INTO STORES VALUES
('M001','SC01',75,'2020-01-07','2021-01-07'),
('M002','SC01',60,'2020-03-20','2021-03-20'),
('M003','SC01',40,'2019-09-02','2020-09-02'),
('M004','SC01',30,'2019-11-17','2021-05-17'),
('M008','SC01',100,'2019-02-09','2021-02-09'),
('M001','SC02',120,'2020-01-07','2021-01-07'),
('M006','SC02',65,'2020-01-07','2021-07-07'),
('M008','SC03',50,'2020-01-07','2022-01-07'),
('M002','SC05',80,'2020-01-07','2021-01-07'),
('M007','SC05',95,'2020-01-07','2021-07-07');


INSERT INTO RECEIVES VALUES
('L001','M001','2020-01-20',5),
('L001','M004','2020-01-03',3),
('L002','M007','2020-03-02',5),
('L003','M001','2020-02-15',2.5),
('L003','M006','2020-02-15',1.5),
('L004','M004','2020-04-05',5),
('L006','M008','2020-01-30',2);
